{
  "synthetic_classification": {
    "vljepa": {
      "model": "VL-JEPA",
      "top1_accuracy": 0.24666666666666667,
      "top5_accuracy": 0.4866666666666667,
      "precision_macro": 0.2457131680559672,
      "precision_micro": 0.24666666666666667,
      "precision_weighted": 0.26530080714259213,
      "recall_macro": 0.24174913962651673,
      "recall_micro": 0.24666666666666667,
      "recall_weighted": 0.24666666666666667,
      "f1_macro": 0.23731070543930805,
      "f1_micro": 0.24666666666666667,
      "f1_weighted": 0.24971882723259328,
      "f1_per_class": {
        "stir soup": 0.13333333333333333,
        "chop vegetables": 0.2727272727272727,
        "mix batter": 0.1111111111111111,
        "roll dough": 0.26666666666666666,
        "pour liquid": 0.27450980392156865,
        "crack eggs": 0.14285714285714285,
        "slice bread": 0.3018867924528302,
        "wash hands": 0.3111111111111111,
        "peel potato": 0.3783783783783784,
        "grate cheese": 0.2857142857142857,
        "knead dough": 0.23333333333333334,
        "fry onions": 0.3018867924528302,
        "boil water": 0.23529411764705882,
        "season dish": 0.18181818181818182,
        "plate food": 0.12903225806451613
      },
      "mcc": 0.19188554998859794,
      "kappa": 0.19106593170592023,
      "roc_auc_macro": 0.6484460315253157,
      "mAP": 0.24238903362139513,
      "confusion_matrix": [
        [
          2,
          2,
          0,
          1,
          0,
          2,
          1,
          0,
          1,
          0,
          2,
          0,
          2,
          0,
          0
        ],
        [
          1,
          6,
          3,
          1,
          3,
          0,
          0,
          1,
          0,
          0,
          3,
          1,
          1,
          1,
          3
        ],
        [
          4,
          0,
          2,
          3,
          0,
          1,
          0,
          3,
          1,
          0,
          3,
          0,
          0,
          1,
          4
        ],
        [
          1,
          0,
          1,
          4,
          3,
          0,
          0,
          1,
          1,
          0,
          0,
          0,
          0,
          1,
          0
        ],
        [
          0,
          2,
          0,
          4,
          7,
          1,
          1,
          0,
          2,
          0,
          2,
          1,
          0,
          1,
          1
        ],
        [
          0,
          1,
          1,
          1,
          1,
          2,
          2,
          0,
          0,
          1,
          2,
          2,
          0,
          1,
          0
        ],
        [
          1,
          2,
          0,
          1,
          4,
          2,
          8,
          1,
          1,
          2,
          2,
          4,
          1,
          3,
          0
        ],
        [
          0,
          2,
          1,
          1,
          0,
          1,
          2,
          7,
          1,
          1,
          2,
          1,
          1,
          2,
          1
        ],
        [
          2,
          1,
          0,
          0,
          1,
          0,
          2,
          1,
          7,
          1,
          0,
          1,
          0,
          2,
          3
        ],
        [
          1,
          1,
          1,
          0,
          2,
          0,
          0,
          1,
          1,
          5,
          3,
          2,
          0,
          1,
          1
        ],
        [
          0,
          0,
          2,
          0,
          2,
          1,
          1,
          0,
          1,
          4,
          7,
          1,
          2,
          2,
          0
        ],
        [
          2,
          2,
          2,
          1,
          1,
          1,
          2,
          1,
          0,
          0,
          6,
          8,
          1,
          1,
          1
        ],
        [
          1,
          1,
          1,
          0,
          3,
          1,
          1,
          4,
          0,
          0,
          2,
          2,
          4,
          0,
          0
        ],
        [
          1,
          0,
          0,
          0,
          0,
          1,
          0,
          1,
          0,
          2,
          3,
          0,
          0,
          3,
          0
        ],
        [
          1,
          0,
          0,
          1,
          2,
          1,
          1,
          1,
          0,
          0,
          0,
          1,
          2,
          3,
          2
        ]
      ]
    },
    "qwen3vl": {
      "model": "Qwen3-VL",
      "top1_accuracy": 0.2866666666666667,
      "top5_accuracy": 0.5966666666666667,
      "precision_macro": 0.28229169000336046,
      "precision_micro": 0.2866666666666667,
      "precision_weighted": 0.294239117099529,
      "recall_macro": 0.2928825732514678,
      "recall_micro": 0.2866666666666667,
      "recall_weighted": 0.2866666666666667,
      "f1_macro": 0.28112446037868405,
      "f1_micro": 0.2866666666666667,
      "f1_weighted": 0.2841465081331855,
      "f1_per_class": {
        "stir soup": 0.125,
        "chop vegetables": 0.2127659574468085,
        "mix batter": 0.4166666666666667,
        "roll dough": 0.17391304347826086,
        "pour liquid": 0.2857142857142857,
        "crack eggs": 0.26666666666666666,
        "slice bread": 0.3076923076923077,
        "wash hands": 0.21739130434782608,
        "peel potato": 0.37209302325581395,
        "grate cheese": 0.3076923076923077,
        "knead dough": 0.35555555555555557,
        "fry onions": 0.16326530612244897,
        "boil water": 0.3333333333333333,
        "season dish": 0.25806451612903225,
        "plate food": 0.42105263157894735
      },
      "mcc": 0.2353908676602622,
      "kappa": 0.23466650771890085,
      "roc_auc_macro": 0.7025339953321136,
      "mAP": 0.29084201776162855,